,d1,d2,d3,d4,d5,d6,d7,d8,d9,d10,d11,d12,d13,d14,d15,d16,d17,d18,d19,d20,d21,d22,d23,d24,d25,d26,d27,d28,d29,d30,d31,d32,d33,d34,d35,d36,d37,d38,d39,d40,d41,d42,d43,d44,d45,d46,d47,d48,d49,d50,d51,d52,d53,d54,d55,d56,d57,d58,d59,d60,d61,d62,d63,d64,d65,d66,d67,d68,d69,d70,d71,d72,d73,d74,d75,d76,d77,d78,d79,d80,d81,d82,d83,d84,d85,d86,d87,d88,d89,d90,d91,d92,d93,d94,d95,d96,d97,d98,d99,d100
f1,0,1,1,1,1,1,1,1,1,1,0,1,0,0,0,1,1,1,1,1,0,1,0,1,1,0,1,1,1,1,1,1,1,1,1,1,1,1,1,1,1,1,1,1,1,1,1,1,1,1,0,1,1,1,1,0,0,1,1,1,1,1,0,1,1,1,1,1,0,1,0,1,1,1,0,1,1,1,0,0,1,1,1,1,0,1,1,1,0,1,1,1,1,1,1,0,1,1,0,1
f2,1,0,1,0,1,0,1,1,1,1,1,0,1,1,1,0,0,1,1,1,1,1,0,1,1,1,1,1,1,0,1,1,0,1,1,1,0,1,1,1,1,1,0,1,1,0,1,1,1,1,0,0,0,1,0,0,1,1,1,1,0,0,0,1,1,0,0,1,1,1,1,1,1,0,0,1,0,1,0,0,1,1,0,1,1,1,0,0,1,1,1,1,1,1,0,1,1,1,1,0
f3,0,1,1,0,1,0,1,0,1,0,1,1,1,1,1,1,0,1,0,1,1,1,1,0,1,1,1,1,1,1,1,0,1,0,0,0,1,1,0,0,1,1,1,0,0,1,0,1,1,0,0,1,1,1,0,1,1,1,0,1,1,1,1,1,1,0,0,1,1,0,1,1,1,0,0,1,0,0,1,0,1,0,0,1,1,1,1,1,1,0,1,0,1,1,1,0,1,1,0,0
f4,0,0,1,1,0,0,1,1,0,1,1,0,1,1,1,1,1,1,0,1,1,0,1,0,0,1,1,0,1,1,0,1,1,1,1,1,1,0,0,1,0,0,0,0,1,1,1,1,1,1,1,1,0,1,1,0,1,1,1,1,1,1,1,1,0,0,1,0,0,1,1,1,1,1,0,0,1,0,1,1,0,0,1,0,1,0,1,0,1,1,1,1,1,0,1,0,1,1,0,1
f5,1,1,0,1,1,1,1,1,1,0,1,0,1,1,0,1,1,0,1,0,1,1,0,1,1,1,0,0,0,1,1,1,0,1,1,1,1,1,0,0,1,1,1,0,1,1,0,1,1,1,0,0,0,1,0,1,1,1,1,1,1,1,1,0,1,0,1,1,1,1,1,0,0,1,1,1,1,1,0,0,1,1,1,0,1,0,1,1,1,1,1,1,1,0,1,0,0,1,1,1
f6,1,1,1,1,0,1,0,0,1,1,1,1,1,1,1,1,0,1,1,1,1,1,1,1,1,1,1,1,0,1,1,1,0,1,1,1,1,0,1,1,0,0,1,0,1,0,1,1,1,1,1,1,1,1,1,1,1,1,1,1,0,1,1,1,1,0,1,1,1,1,0,1,1,1,1,1,1,1,0,1,1,0,1,1,1,1,1,1,1,1,1,1,0,1,1,1,1,1,1,1
f7,0,0,0,1,1,1,1,1,1,1,1,1,1,1,1,1,1,1,1,1,1,1,1,1,1,1,1,1,0,1,1,1,1,1,1,1,1,0,0,1,0,1,0,1,1,1,1,1,1,0,0,1,1,1,1,0,1,0,1,0,1,1,1,1,1,0,1,1,1,1,1,1,1,0,1,1,1,1,1,1,1,1,1,1,1,1,1,1,0,1,0,1,0,1,1,1,0,0,0,0
f8,1,1,1,0,0,1,0,0,0,1,0,0,1,1,1,1,1,0,1,0,0,1,0,1,1,1,1,0,1,1,1,0,1,1,1,0,1,1,1,0,0,1,0,0,1,1,0,1,1,1,1,1,1,1,1,1,0,1,1,0,1,1,0,1,1,1,1,0,0,1,1,0,1,1,1,1,0,1,1,1,0,1,1,1,1,0,1,0,1,0,1,1,1,1,1,1,0,1,1,0
f9,1,1,1,1,0,1,1,1,1,1,1,1,1,0,0,0,1,0,1,1,0,1,1,0,0,1,1,0,0,1,1,1,1,1,0,1,0,0,1,1,1,0,1,1,1,1,1,0,1,0,1,1,1,1,1,1,1,1,1,1,0,0,1,0,1,0,1,0,0,1,0,0,1,1,1,1,1,0,1,1,1,1,1,1,0,0,1,0,1,1,1,1,1,1,0,1,1,1,1,0
f10,1,1,1,1,1,0,0,0,1,1,1,1,1,1,1,1,1,1,0,0,0,1,1,0,1,1,0,1,1,1,1,0,0,1,0,1,1,1,0,1,1,1,1,1,0,1,1,1,0,0,0,0,0,1,1,1,0,1,0,0,0,0,0,1,1,1,1,1,1,1,0,0,1,0,1,0,1,1,0,1,1,1,1,0,0,0,1,1,1,1,1,1,1,1,1,1,1,1,0,0
f11,1,0,0,0,1,1,1,0,1,0,1,0,0,1,1,0,1,1,0,0,1,0,1,0,0,0,1,1,1,1,1,0,0,1,1,1,1,0,1,0,0,1,1,1,0,1,1,1,1,0,1,1,1,1,1,1,1,1,1,1,1,0,1,0,0,0,1,1,0,0,1,1,1,0,1,1,1,1,0,1,1,1,0,0,1,1,0,0,1,1,0,1,1,1,0,0,1,0,0,1
f12,1,1,1,1,0,1,1,1,1,1,1,0,0,1,1,1,1,1,1,1,1,1,0,1,1,0,1,0,1,1,0,1,1,1,0,0,1,1,1,1,1,1,1,1,1,0,1,0,0,0,0,0,1,1,0,1,1,1,1,1,0,1,1,0,1,1,0,0,1,1,1,1,1,0,0,0,0,1,1,0,1,1,1,1,0,0,0,1,0,1,0,1,0,1,1,1,1,1,1,1
f13,1,1,1,1,1,0,0,0,0,0,1,0,1,1,1,1,0,1,1,1,0,1,1,1,1,1,0,0,0,1,1,1,1,0,1,1,1,1,1,0,0,1,1,1,0,1,0,1,1,0,0,0,0,0,0,0,1,1,0,0,0,0,1,1,0,1,1,1,1,0,1,1,1,0,1,1,0,1,1,1,1,1,1,0,1,0,0,1,1,0,1,1,0,1,0,1,1,1,1,0
f14,1,0,1,1,0,1,1,1,0,0,1,0,1,1,1,0,1,1,1,1,0,0,1,1,1,0,1,0,0,1,0,0,0,0,0,1,0,1,1,0,1,1,1,0,0,1,1,0,1,0,1,1,1,1,1,1,1,0,0,1,1,1,1,0,0,1,1,0,0,1,1,1,0,0,1,1,1,0,1,1,1,1,1,1,1,1,1,1,1,1,1,1,0,1,1,1,1,0,0,1
f15,1,0,0,1,1,1,1,1,1,1,1,1,0,0,1,0,0,1,0,1,0,1,0,1,1,1,1,1,1,0,0,1,0,1,1,0,0,1,1,1,0,1,0,1,0,0,1,1,1,0,1,1,1,1,0,1,1,1,0,1,0,1,1,0,1,1,0,1,1,0,1,1,1,1,1,1,1,1,1,0,1,1,1,1,1,0,0,0,1,1,1,0,1,1,0,1,1,1,1,1
f16,1,0,1,0,0,1,1,1,1,1,1,1,1,1,1,1,1,1,0,0,1,1,1,0,1,0,1,1,1,0,1,1,1,0,1,0,1,0,1,1,1,1,0,1,1,0,0,1,1,1,0,1,1,0,0,1,0,1,1,1,1,0,0,1,1,1,1,0,1,0,1,1,0,1,0,1,1,0,1,1,1,1,1,1,0,0,1,0,1,0,1,1,0,1,0,1,1,1,1,1
f17,1,1,1,1,1,0,1,0,1,0,1,1,1,0,1,1,0,1,1,0,1,1,0,1,0,1,0,1,0,1,1,1,1,1,1,1,1,0,0,1,1,0,1,0,1,1,1,1,1,1,1,1,1,0,1,1,0,1,1,0,0,1,0,1,0,0,0,0,1,1,1,0,1,1,1,1,1,1,0,1,1,1,1,1,0,0,0,1,1,1,1,1,1,1,0,0,1,1,1,0
f18,0,0,1,0,1,1,0,1,1,0,0,1,0,1,1,1,1,1,0,0,0,1,1,1,1,1,1,1,1,1,1,1,1,1,0,0,0,1,1,0,1,1,0,1,0,0,0,1,1,1,1,1,1,1,1,0,0,0,0,1,0,0,1,1,1,1,1,1,0,1,1,0,1,0,1,1,1,1,1,1,1,1,1,0,1,0,0,0,1,1,1,1,1,1,0,0,0,1,1,1
f19,1,1,1,1,0,0,1,1,1,1,1,1,1,0,1,1,1,0,0,1,1,1,0,1,1,1,1,1,1,1,1,1,0,1,0,1,1,1,1,1,0,1,1,1,1,0,1,1,1,0,1,1,1,1,0,1,1,1,1,1,1,1,1,1,0,0,0,0,1,1,0,0,1,1,1,1,1,1,1,0,0,1,0,0,1,1,0,1,1,1,1,0,1,1,1,0,0,1,1,0
f20,1,1,0,0,1,1,1,1,0,1,1,1,1,1,0,1,0,0,0,1,0,0,0,1,1,1,0,0,1,0,0,1,0,0,1,1,1,1,1,1,1,0,1,0,1,1,0,1,1,1,1,1,1,1,0,1,1,1,1,0,0,1,1,1,1,0,1,1,1,1,0,1,0,1,1,1,1,1,0,1,1,1,1,1,0,0,1,0,1,1,1,0,0,0,1,1,0,1,0,1
f21,0,1,1,1,1,0,0,0,1,0,1,1,1,1,0,1,0,1,1,1,1,1,1,1,1,1,1,1,0,0,1,1,1,1,0,0,1,1,0,0,1,1,0,0,1,1,1,1,1,0,1,1,1,1,1,1,1,0,1,1,1,1,0,1,1,1,0,1,1,1,1,1,1,1,0,1,1,1,0,1,0,0,1,1,0,0,1,0,0,1,0,1,1,1,1,0,0,1,1,1
f22,1,1,1,1,1,1,1,1,1,1,1,0,1,1,1,1,1,1,0,1,0,1,1,0,0,1,0,1,1,1,0,1,0,1,1,1,1,1,0,1,1,1,1,0,1,1,1,0,0,1,1,1,0,1,1,1,1,1,1,0,0,1,1,1,0,1,1,1,1,1,1,1,1,0,1,1,0,1,1,1,1,1,1,0,1,1,1,1,1,0,1,0,1,0,0,1,0,1,1,0
f23,0,0,0,1,0,1,1,1,1,1,0,1,0,1,1,0,0,1,1,1,1,0,1,1,1,1,1,1,1,1,0,1,1,1,1,1,1,1,0,0,1,1,0,1,1,1,0,0,0,1,1,0,1,1,1,0,0,1,1,1,1,1,0,0,1,0,1,1,1,1,1,1,0,1,0,1,0,1,1,0,0,0,0,1,0,1,1,1,1,1,1,1,1,1,0,1,1,1,1,0
f24,1,1,0,1,0,1,1,0,0,1,0,1,1,0,0,0,0,1,1,1,1,0,1,1,0,1,0,1,0,0,1,1,1,0,0,1,1,1,1,0,1,1,0,1,0,1,1,1,1,1,1,1,1,0,1,0,0,1,1,1,0,1,0,0,1,1,1,1,1,0,1,0,1,1,1,1,1,1,0,1,1,1,0,1,1,1,1,1,1,0,1,1,1,1,0,1,0,1,1,1
f25,0,0,1,1,1,1,0,0,1,1,1,1,1,1,0,1,1,1,1,1,1,1,1,1,0,0,1,1,1,0,1,1,1,1,1,0,1,0,1,1,0,1,1,0,0,1,1,1,1,1,1,0,0,1,1,1,1,0,1,1,0,1,1,0,1,0,1,1,1,1,1,1,0,0,0,1,1,0,0,1,0,1,1,1,1,0,1,1,1,0,1,1,0,0,0,1,1,1,1,0
f26,0,0,1,1,1,1,1,1,1,1,1,1,1,1,1,0,0,1,0,0,0,0,0,1,1,1,1,0,0,0,1,1,0,1,1,1,1,0,1,1,1,1,1,1,1,1,1,1,0,1,1,1,0,1,0,1,1,1,1,1,1,0,0,0,1,1,1,1,0,1,0,1,1,0,1,1,1,1,1,0,1,1,1,1,1,1,0,1,1,1,1,0,1,0,1,1,1,1,1,1
f27,1,1,1,1,1,0,0,1,1,1,1,0,1,1,1,1,0,1,1,1,0,1,1,0,0,1,1,1,0,0,1,1,1,1,1,1,1,1,0,1,1,0,1,1,0,1,0,1,0,1,1,1,1,0,1,1,1,1,1,1,1,1,1,0,1,1,1,1,0,1,1,1,0,1,1,1,1,1,0,1,1,1,1,1,1,0,1,0,1,1,1,1,1,1,1,1,1,1,0,1
f28,0,1,1,0,1,1,1,0,0,1,1,1,1,1,1,0,1,1,1,1,1,1,1,1,1,1,1,1,1,1,1,1,1,1,1,1,1,1,1,1,1,1,1,1,1,1,1,0,1,1,0,0,1,1,1,1,1,0,1,1,1,1,1,1,0,1,0,1,1,1,0,0,1,0,1,1,1,0,1,0,1,1,1,0,1,0,1,1,1,0,1,1,1,0,1,0,1,1,1,0
f29,1,0,1,0,1,0,1,1,1,1,1,1,0,0,1,1,1,1,0,0,1,0,0,1,1,1,0,0,0,1,1,0,1,1,1,1,1,0,1,0,1,1,1,0,1,1,1,0,0,1,0,0,1,0,1,1,1,1,0,1,1,1,0,0,0,0,1,1,1,1,0,1,0,0,0,1,1,1,0,1,0,0,0,0,1,1,0,0,0,1,1,0,1,0,1,0,0,0,1,1
f30,1,0,1,0,1,1,1,0,1,0,1,0,1,1,1,1,1,0,0,1,1,1,0,1,1,1,1,1,1,0,0,1,1,1,0,0,0,1,1,1,1,0,1,1,0,0,1,1,0,1,1,1,1,0,1,0,0,1,1,0,0,1,1,1,0,1,1,1,1,1,0,0,1,1,0,1,0,1,1,0,1,1,1,1,1,1,1,1,0,1,0,1,1,0,1,1,0,0,1,1
f31,1,0,1,1,0,1,1,0,1,0,1,1,1,1,0,1,1,0,1,1,1,1,0,1,0,0,1,1,0,0,1,0,1,1,1,1,0,1,1,1,1,0,1,1,1,1,1,1,1,1,0,1,1,1,0,1,1,1,0,1,0,1,1,1,1,1,1,1,0,1,0,0,0,1,1,1,1,1,1,1,1,1,1,1,1,0,1,1,0,0,1,0,1,1,1,0,1,1,1,0
f32,1,0,1,1,1,0,0,1,1,0,1,1,1,0,0,1,1,1,0,1,1,0,1,1,0,1,0,1,1,1,1,1,0,1,1,1,1,1,0,1,0,1,0,0,1,1,1,1,1,1,0,1,0,1,0,1,1,0,1,0,0,1,1,0,0,1,1,1,1,1,1,0,1,1,1,1,0,0,1,0,1,1,1,0,1,0,1,1,1,1,1,1,1,1,0,1,0,1,1,1
f33,0,0,0,1,0,1,1,1,1,0,0,1,0,1,0,1,1,1,1,1,0,1,0,1,1,1,1,1,1,1,1,1,1,1,1,1,1,1,1,1,1,1,0,0,1,1,1,1,1,1,0,1,1,0,0,1,1,0,1,1,1,1,1,1,1,0,1,1,0,1,1,0,1,1,1,1,1,0,1,1,0,1,1,0,1,1,1,0,1,0,1,0,1,0,1,1,0,1,1,1
f34,1,1,1,1,1,1,0,0,1,1,1,1,1,0,1,1,1,0,0,1,1,1,1,1,1,1,1,1,1,1,0,1,0,1,1,0,1,0,1,1,0,1,1,0,1,1,0,1,0,1,1,0,1,1,1,1,1,0,0,1,1,1,1,1,1,1,1,1,1,1,1,0,1,1,0,0,1,1,0,1,1,1,1,0,1,0,1,1,1,1,0,1,1,1,0,1,1,1,0,0
f35,1,0,0,0,0,1,1,1,1,1,1,1,1,1,0,0,0,1,1,0,1,1,1,1,1,1,0,0,0,1,0,0,1,1,1,1,0,1,0,1,1,1,1,1,1,0,1,1,1,1,1,1,1,1,1,0,1,1,1,1,0,1,0,1,1,1,1,1,1,0,1,1,1,1,0,1,0,0,1,1,1,1,1,1,1,1,1,1,0,1,1,0,1,1,1,1,1,1,0,1
f36,1,1,0,1,0,1,1,1,1,1,1,1,1,0,1,1,1,1,1,1,0,0,0,1,0,0,1,1,1,1,0,1,1,1,0,0,1,1,1,0,1,0,1,0,1,0,0,1,1,0,0,1,1,1,1,1,1,1,1,1,1,1,1,1,0,1,1,0,0,1,1,1,1,1,1,1,1,1,1,1,0,1,1,0,0,0,1,1,1,0,1,1,1,1,1,1,1,1,1,1
f37,1,0,1,1,1,1,1,1,1,1,1,0,0,0,0,1,0,0,1,1,1,1,0,1,1,1,0,1,1,0,1,1,1,1,1,1,1,1,1,1,1,1,1,1,0,1,0,1,0,0,1,1,1,0,1,0,0,1,0,1,0,1,1,1,1,1,0,0,1,1,0,1,1,1,1,0,0,0,1,1,0,1,1,1,1,1,0,1,0,0,0,0,1,0,1,0,1,1,0,0
f38,1,0,0,1,1,1,1,1,1,0,1,1,1,0,1,1,0,1,1,1,1,0,1,1,1,1,1,0,1,1,1,1,0,0,1,0,0,0,0,1,1,1,1,0,1,0,1,1,1,1,0,0,0,0,1,1,1,0,1,1,1,0,1,1,1,1,0,1,1,0,1,0,0,1,1,0,1,1,0,1,0,1,1,0,1,1,1,1,1,1,0,1,1,1,0,1,1,1,1,0
f39,1,0,0,1,0,1,0,0,1,1,1,1,1,0,1,1,1,1,0,1,1,0,0,1,1,1,1,1,1,1,1,1,1,1,1,1,1,1,0,0,0,1,0,0,1,1,0,1,1,0,0,0,1,1,0,0,0,0,1,1,0,1,0,1,0,1,1,1,0,1,0,1,1,1,1,1,0,1,1,0,0,0,0,0,1,1,1,0,0,1,1,1,1,1,1,1,1,0,1,1
f40,0,0,1,1,0,1,0,1,1,1,1,1,1,1,0,0,0,0,1,1,1,1,1,1,0,0,1,1,0,1,1,0,1,1,1,1,1,1,1,0,1,0,1,0,1,0,1,1,1,1,1,0,1,1,1,1,0,1,1,1,1,0,1,0,1,1,1,1,1,1,1,1,1,1,1,1,0,1,1,1,1,1,1,1,0,1,0,1,1,0,1,1,1,0,1,1,1,1,0,1
f41,1,1,1,1,1,1,0,1,1,0,0,1,1,1,1,0,0,1,0,1,1,0,0,1,1,1,1,0,1,0,1,1,1,0,1,0,1,0,1,0,0,1,1,1,1,1,1,1,1,1,1,1,1,1,1,0,1,0,0,1,1,1,0,0,1,1,1,1,1,1,0,1,1,1,0,0,1,1,1,1,1,0,1,1,1,0,0,1,0,1,0,1,1,0,0,1,1,1,1,1
f42,0,0,0,1,1,1,0,0,1,0,1,1,1,0,1,1,0,1,0,1,1,0,1,0,1,0,1,1,1,1,1,1,1,0,0,1,1,0,1,0,0,1,0,1,1,1,1,1,0,0,0,1,1,0,0,1,1,1,0,1,1,1,1,1,1,1,1,0,1,0,0,0,0,1,1,0,1,1,1,1,0,1,1,1,1,1,1,1,1,1,1,1,0,1,1,1,0,1,1,1
f43,1,1,1,1,1,0,1,0,1,1,1,1,1,1,1,1,1,1,1,0,1,1,1,1,1,1,1,1,1,0,1,1,1,1,1,1,1,1,0,1,0,0,1,1,1,1,1,1,0,1,0,0,0,0,1,1,1,1,0,0,1,0,0,0,1,1,0,0,1,1,1,1,0,1,0,1,1,0,1,1,1,1,1,1,1,1,1,1,1,1,1,0,0,1,1,0,1,1,0,1
f44,1,1,0,0,1,1,1,1,0,1,1,0,1,0,1,1,1,1,0,0,1,0,1,1,0,0,1,1,1,1,1,1,1,0,0,1,1,1,0,1,0,1,1,0,1,1,1,0,1,1,0,0,0,1,1,0,0,1,0,0,1,1,0,0,1,1,1,1,1,1,1,1,1,0,1,0,1,1,1,1,1,1,1,1,1,1,0,1,1,0,1,0,1,1,1,1,1,1,1,0
f45,1,1,1,1,1,1,1,1,1,1,1,1,1,1,0,1,1,0,1,1,1,0,1,1,0,0,1,1,1,1,1,1,1,1,1,0,1,0,1,0,1,0,1,0,0,1,1,0,1,1,1,1,1,0,1,1,0,1,0,0,1,1,1,1,1,0,0,1,1,1,1,0,1,1,0,0,1,1,0,1,1,1,0,1,1,1,0,1,1,1,1,1,1,1,0,1,1,0,0,1
f46,0,1,0,1,1,1,0,1,1,1,0,1,1,1,1,1,1,1,1,1,1,1,0,1,0,0,1,0,0,1,1,0,1,1,1,0,0,0,1,0,1,1,0,1,1,1,1,0,1,0,1,1,0,1,1,1,1,1,1,1,1,1,1,1,1,1,1,1,0,1,1,0,0,1,0,1,1,1,1,1,1,1,1,1,0,0,1,1,1,0,1,1,1,1,1,1,1,1,1,1
f47,1,1,1,1,0,1,0,1,1,1,1,1,1,1,0,1,0,1,0,1,1,1,0,0,0,1,1,1,1,1,1,1,1,1,0,1,1,1,0,0,1,0,0,0,0,1,0,1,0,1,1,1,0,1,1,1,1,1,1,1,1,0,0,1,1,1,0,1,0,1,0,1,1,1,0,1,1,1,0,0,1,0,1,0,1,0,0,1,1,1,1,1,1,0,1,1,1,1,1,1
f48,1,1,1,0,1,1,1,1,1,1,1,1,1,1,0,1,1,1,1,1,0,1,1,0,1,1,1,1,0,1,1,1,1,1,1,1,0,1,0,0,1,1,1,0,1,0,1,0,1,1,1,1,0,0,1,1,0,0,1,1,1,1,0,1,0,1,0,1,0,1,0,1,1,1,0,1,1,1,1,1,1,1,1,0,1,1,0,1,1,1,0,1,1,1,0,0,1,0,1,1
f49,1,0,0,1,1,1,0,1,0,1,1,1,0,1,0,1,1,0,1,1,1,0,0,0,0,1,0,1,1,1,1,1,0,1,1,1,1,0,1,1,1,1,1,1,0,1,1,1,0,0,0,1,1,1,1,1,1,1,1,1,1,1,0,1,0,1,1,0,1,1,1,1,1,1,1,1,1,0,1,1,1,0,1,1,0,1,0,1,1,1,1,0,1,0,1,0,1,1,1,1
f50,0,1,1,1,1,1,1,1,1,0,1,1,1,0,0,0,0,1,1,0,0,0,1,1,0,1,1,1,0,1,1,1,1,1,0,0,0,1,1,1,1,1,0,1,1,0,1,1,0,1,1,1,1,1,0,1,1,1,1,1,1,1,1,1,1,0,1,0,1,1,1,1,1,1,0,1,1,1,1,1,1,0,1,1,0,1,0,1,0,1,1,1,1,1,0,1,1,1,1,1
f51,1,1,0,1,0,0,1,1,0,0,0,1,1,0,1,1,0,1,1,1,1,1,1,1,0,1,1,0,1,1,0,0,0,1,1,0,0,1,1,1,1,1,1,1,1,1,0,0,1,0,0,0,0,1,1,1,0,1,1,0,1,0,1,1,1,1,1,1,0,0,1,0,1,1,1,1,1,1,1,0,1,1,1,1,0,0,0,0,1,0,1,0,1,0,1,1,1,1,1,1
f52,1,1,0,1,1,1,1,1,1,1,0,1,1,1,1,0,0,1,0,1,1,1,1,0,1,1,0,0,1,0,1,1,1,0,1,1,1,1,1,1,0,0,0,0,1,1,0,1,1,1,1,0,1,1,0,1,0,1,1,1,0,1,0,1,1,0,0,1,1,1,1,1,0,1,1,0,1,0,1,1,1,1,0,0,1,0,1,1,1,1,1,0,1,1,1,1,1,0,0,0
f53,0,1,1,0,1,1,0,1,1,0,0,1,1,1,1,1,0,0,1,1,1,0,0,1,1,1,1,0,0,1,1,1,0,1,1,0,1,1,0,1,1,0,1,0,0,1,1,1,0,1,1,1,1,1,1,1,0,0,0,0,1,1,0,1,1,1,0,1,1,0,1,1,1,0,1,1,1,1,1,1,1,1,1,1,1,1,1,0,0,1,1,0,1,1,1,1,1,1,1,1
f54,0,1,1,0,1,1,1,1,0,0,1,1,1,1,1,0,1,1,0,0,1,1,1,1,0,1,1,0,0,1,1,1,1,1,1,1,1,1,0,1,0,1,1,0,1,1,1,1,1,0,1,0,0,0,1,1,1,1,1,0,0,1,1,1,1,0,1,1,1,1,1,0,1,1,0,1,1,0,1,1,0,0,1,1,0,0,1,1,1,1,1,1,1,1,0,1,0,1,1,1
f55,1,1,1,0,1,1,1,1,1,1,0,1,1,1,1,1,0,0,0,0,1,1,1,1,1,1,1,1,1,0,1,0,1,1,1,0,1,1,1,1,1,1,0,0,1,1,1,1,1,0,1,1,1,0,1,1,0,1,1,0,1,0,1,1,0,0,1,0,1,1,1,0,1,1,1,1,1,1,1,1,1,0,1,0,1,1,1,0,0,1,0,0,0,1,1,1,1,1,1,1
f56,1,1,0,1,1,1,1,0,1,1,1,0,1,1,0,1,1,0,1,1,1,1,1,0,1,1,1,0,1,1,1,1,0,1,0,1,1,1,0,1,1,1,1,1,1,1,1,0,1,0,0,0,0,1,1,1,0,0,1,1,1,1,1,1,0,0,1,1,1,1,1,1,0,1,1,1,0,1,1,1,1,1,1,1,0,1,0,1,1,1,0,1,1,1,1,1,1,1,0,1
f57,1,0,1,0,1,1,0,1,0,0,1,1,1,1,1,1,1,0,1,1,1,1,0,1,0,1,1,1,1,1,1,1,1,0,1,0,1,0,0,1,1,1,1,1,0,1,1,1,1,1,1,1,1,0,1,0,1,1,1,1,1,1,1,0,1,0,1,1,1,1,1,1,1,1,1,0,1,1,1,0,0,1,1,1,1,1,0,1,0,0,0,0,1,1,0,1,1,1,1,1
f58,1,1,1,0,0,1,0,1,0,0,1,1,0,0,1,1,1,0,0,0,0,1,0,1,1,1,1,0,1,0,0,1,1,1,1,1,1,1,1,0,0,0,0,0,1,0,1,1,0,1,1,1,1,0,1,0,1,1,1,1,0,1,0,1,1,0,0,1,1,1,0,1,0,1,0,0,1,1,0,1,0,1,1,1,1,1,0,1,1,0,0,1,1,0,1,1,0,1,1,0
f59,1,0,1,0,1,0,1,1,1,0,1,1,0,0,1,1,1,1,0,1,1,0,1,1,1,0,0,1,0,1,1,1,1,0,1,0,1,1,0,0,1,1,0,1,1,0,1,1,1,1,0,0,1,0,0,1,0,1,1,1,0,1,0,1,1,1,1,1,1,1,1,0,1,1,0,1,1,1,0,0,0,1,1,1,1,0,0,1,0,1,1,0,1,1,0,1,0,1,0,1
f60,1,1,0,1,1,1,1,1,0,1,1,1,1,0,0,1,1,1,1,1,1,1,1,0,1,0,1,1,1,1,1,1,0,0,1,1,0,0,1,0,1,1,1,1,1,1,1,1,1,1,1,1,1,0,1,0,1,1,1,1,1,1,0,1,1,1,1,1,1,1,1,1,1,0,0,1,1,0,0,0,1,1,1,1,1,1,1,0,1,0,0,1,1,1,1,1,0,0,0,1
f61,1,0,1,1,1,0,1,0,1,1,1,1,0,1,0,0,1,0,0,1,0,0,1,0,1,1,0,1,1,1,0,1,0,0,0,1,1,1,1,0,0,0,1,1,1,0,1,1,0,0,1,1,1,1,0,0,1,1,1,1,1,1,0,0,1,1,0,1,0,1,1,1,1,0,1,0,1,1,1,0,1,1,1,1,1,0,0,0,1,1,0,0,0,0,1,0,0,0,0,1
f62,1,0,0,0,1,1,0,1,1,1,0,1,1,1,0,1,1,1,1,0,1,1,1,0,0,1,0,1,0,0,0,0,1,0,1,1,1,1,1,1,0,0,1,0,1,1,0,1,1,1,1,0,1,0,1,1,1,0,1,1,1,1,1,1,1,1,1,0,1,1,0,1,1,1,0,0,1,1,0,0,0,0,1,0,1,1,0,1,1,1,1,0,1,1,1,1,1,0,0,1
f63,1,1,0,0,1,0,0,1,1,0,0,0,0,1,1,1,0,1,1,0,1,1,0,1,1,1,1,0,0,1,1,1,0,0,0,1,1,1,0,0,0,1,1,1,1,1,1,1,1,1,1,1,1,1,1,0,0,1,1,1,1,1,1,1,1,1,1,1,0,1,1,1,1,1,1,1,1,1,1,0,0,1,0,0,0,1,0,1,1,1,1,0,1,1,1,0,1,1,1,0
f64,1,1,0,0,1,1,1,1,0,1,1,1,0,1,0,1,0,1,1,1,1,0,1,1,0,1,1,0,1,1,1,0,0,0,0,1,1,0,1,1,1,0,1,1,1,1,1,0,1,1,1,1,1,1,1,0,1,1,1,1,1,1,1,0,1,1,0,1,1,1,1,1,0,1,1,1,0,0,1,1,0,0,1,1,0,1,0,1,1,1,0,1,1,1,1,1,0,1,1,1
f65,0,1,1,0,1,1,1,1,1,0,1,1,0,1,0,1,0,1,1,1,1,1,1,1,0,0,1,1,1,0,0,1,0,1,1,1,1,1,0,0,0,1,1,1,1,0,0,1,1,1,0,1,1,1,1,0,1,0,1,1,0,1,1,0,0,1,1,0,1,0,0,1,0,1,1,1,1,1,1,0,0,1,0,0,1,1,1,1,1,0,1,1,1,1,0,1,1,1,1,1
f66,1,0,1,0,1,0,1,1,1,1,1,1,0,1,1,1,0,1,1,1,0,1,1,1,1,0,1,1,1,1,1,1,1,0,1,0,0,0,1,0,1,1,1,1,1,0,1,0,1,1,1,1,1,1,0,1,0,0,0,0,1,1,0,1,1,1,1,0,1,1,0,1,1,0,1,1,0,0,0,0,0,1,1,1,1,1,0,1,1,1,0,0,1,0,1,0,1,0,1,1
f67,1,1,1,1,1,1,1,1,1,0,1,1,1,1,1,1,1,1,1,1,1,0,1,0,1,0,1,1,0,0,1,1,1,1,1,0,1,1,1,1,1,0,1,1,1,0,1,0,0,1,1,1,1,0,1,0,0,1,1,1,1,1,0,1,1,1,1,1,1,1,1,1,0,1,1,1,1,0,0,1,1,1,0,0,0,0,1,1,0,0,1,0,1,1,0,1,0,0,1,1
f68,1,0,1,0,1,0,1,1,0,0,0,0,1,0,0,0,0,1,1,0,1,1,1,0,0,1,0,1,1,0,0,1,1,0,1,1,0,1,0,0,0,0,0,1,0,1,0,1,1,1,1,1,0,1,1,0,1,1,1,1,0,0,1,1,1,0,1,1,1,0,0,0,1,0,1,1,1,1,1,0,0,1,1,1,1,1,1,1,0,1,0,1,1,0,1,1,0,1,1,1
f69,0,1,1,1,0,1,0,0,1,0,1,1,0,1,0,0,1,1,0,1,1,1,1,0,1,1,1,1,0,0,0,1,1,1,0,1,1,1,0,0,0,1,1,0,0,1,1,1,1,1,1,1,1,1,1,1,0,0,0,1,1,0,1,0,0,0,1,1,0,0,0,1,0,1,1,1,0,1,0,0,1,1,0,1,0,1,1,1,0,1,1,1,0,0,1,0,0,1,1,1
f70,1,1,0,1,0,1,1,1,1,0,0,1,0,1,1,0,0,1,0,1,0,1,0,1,1,0,1,1,0,1,1,1,1,1,0,1,1,1,1,1,1,1,1,1,1,1,1,1,0,0,1,1,1,1,1,0,1,0,1,0,1,0,1,0,1,1,1,1,1,1,1,1,1,1,0,1,1,0,0,1,0,1,1,1,1,1,1,1,1,1,1,1,1,1,1,0,1,1,1,0
f71,0,0,1,1,1,1,0,1,1,0,1,0,0,1,0,1,1,1,1,1,1,1,1,1,1,0,0,1,1,1,1,0,0,0,1,0,0,1,1,1,1,1,1,0,1,1,0,0,1,1,1,0,1,1,0,1,0,0,0,1,1,1,0,1,0,1,0,1,1,0,0,1,0,0,0,1,1,1,1,1,0,0,0,1,1,1,0,1,0,1,1,1,0,1,1,1,1,0,1,1
f72,1,1,1,1,1,0,0,1,1,1,0,0,1,1,1,0,0,1,1,1,1,0,1,1,0,1,1,0,1,0,1,1,1,0,0,1,1,0,0,1,1,0,1,1,0,1,1,1,1,0,0,1,0,1,0,1,0,1,1,1,1,0,1,1,1,1,1,1,1,1,0,0,1,1,0,0,1,0,1,1,0,0,1,1,1,1,1,1,1,1,0,0,1,1,1,0,0,0,1,0
f73,1,0,1,1,1,1,0,1,1,0,0,0,1,1,0,1,1,1,0,0,1,1,0,1,0,1,1,1,0,0,1,1,1,1,1,0,1,1,1,1,1,0,1,1,0,1,0,0,1,1,1,1,1,1,1,1,0,1,1,0,1,0,1,1,0,0,0,1,1,1,0,0,1,1,1,1,1,1,1,0,1,1,0,1,1,1,1,1,1,0,0,0,1,1,1,1,1,1,1,1
f74,1,1,1,1,0,0,1,1,1,1,1,0,1,1,1,0,1,1,1,1,1,1,0,1,1,0,1,1,1,1,1,1,1,1,1,1,1,1,1,0,1,0,1,0,1,1,1,1,1,1,0,1,0,1,0,0,0,1,1,1,1,1,0,1,0,1,0,0,1,0,1,1,1,0,0,0,1,1,1,1,1,1,1,1,1,1,1,1,0,1,1,1,1,1,0,0,0,0,1,0
f75,1,1,1,1,1,1,1,1,1,1,1,0,1,1,1,1,1,1,0,1,1,1,0,1,0,1,1,1,1,1,1,1,1,1,1,1,1,1,1,0,1,1,1,0,0,1,1,1,0,1,0,0,1,1,1,1,1,1,1,1,1,0,0,1,1,0,1,1,1,0,1,0,1,1,1,1,1,1,1,0,1,1,1,0,1,1,0,1,1,0,1,1,0,1,1,0,0,1,1,0
f76,0,1,1,1,1,1,0,1,1,1,1,0,0,0,0,1,1,0,0,1,1,1,1,1,1,0,0,1,0,0,1,1,1,0,0,0,1,1,1,1,0,1,0,0,1,1,0,1,0,1,1,0,0,1,1,1,1,1,0,1,1,1,1,1,1,1,1,0,1,1,1,0,1,0,1,1,1,1,1,1,1,0,1,1,1,1,1,1,1,1,1,1,1,1,1,1,1,1,0,0
f77,1,1,0,1,0,0,0,0,0,0,1,0,0,1,1,1,1,1,1,1,1,1,1,0,1,1,1,1,0,1,1,1,0,1,1,1,0,1,1,1,1,1,1,1,1,1,1,1,1,1,1,0,0,1,1,0,1,1,0,1,1,1,1,1,0,0,1,1,1,1,1,1,1,1,1,1,0,0,1,0,0,1,1,1,1,1,0,0,0,0,0,1,1,1,1,0,1,0,0,1
f78,1,1,0,0,0,1,0,1,1,1,1,1,1,1,0,1,0,1,0,0,0,0,1,1,1,0,1,1,1,1,1,0,1,1,1,1,1,1,1,0,1,1,1,1,0,1,0,0,1,0,1,1,1,0,0,0,1,1,1,1,0,1,0,1,0,1,1,1,1,1,1,1,1,0,1,1,0,0,0,1,1,0,1,0,1,0,1,1,1,1,1,1,0,0,0,0,0,0,1,1
f79,0,1,1,0,1,1,1,0,1,1,0,1,1,1,1,1,0,0,1,1,0,1,0,1,1,0,1,1,1,0,1,1,1,1,0,0,0,0,1,1,1,1,1,1,0,1,0,1,0,0,0,0,1,1,1,1,1,1,1,1,0,1,1,0,0,0,1,0,1,1,0,1,1,0,1,1,0,0,1,1,1,1,1,1,1,0,0,0,1,1,1,1,1,1,0,0,0,1,0,1
f80,1,1,1,1,1,1,1,0,1,0,0,0,0,1,1,1,0,1,1,0,1,0,1,1,1,1,1,0,1,0,1,1,1,1,1,1,1,1,1,1,1,1,0,1,1,1,1,1,1,1,0,1,1,1,0,0,1,1,1,1,0,1,0,1,1,0,1,1,1,1,0,1,1,1,0,1,1,0,1,0,0,1,1,1,1,1,1,1,1,1,1,1,1,0,1,1,1,1,0,0
f81,1,0,1,1,1,1,1,1,0,1,0,1,1,1,1,1,1,1,1,1,1,1,1,1,1,0,1,1,0,0,0,1,0,0,0,1,1,1,0,1,1,1,1,1,0,1,1,1,1,0,1,1,1,1,1,1,0,1,0,1,1,1,1,1,1,0,1,1,1,0,0,1,1,1,1,0,1,1,0,1,1,1,1,0,1,0,0,0,1,0,1,1,1,1,1,0,1,1,1,0
f82,0,0,0,0,1,0,1,0,1,1,0,1,0,0,0,0,1,1,1,0,0,1,1,0,1,1,0,0,1,1,1,0,0,1,1,1,0,1,1,1,1,1,1,1,1,1,1,1,1,1,1,1,1,1,1,0,0,0,1,0,1,0,1,1,1,0,0,0,1,1,1,0,1,0,1,1,0,1,0,1,1,1,1,1,1,1,1,1,1,1,1,0,0,1,1,0,1,0,1,0
f83,1,1,1,0,0,1,1,0,0,1,1,0,1,1,1,1,0,1,0,1,0,1,1,1,0,1,1,0,1,1,1,1,1,0,1,1,0,1,1,1,0,0,0,1,1,0,1,1,1,1,0,1,1,1,0,0,1,0,1,0,0,1,0,0,0,1,0,0,1,1,1,1,1,1,1,1,1,0,0,0,1,1,0,1,1,1,0,1,1,1,1,0,0,1,0,0,0,1,1,1
f84,0,1,1,0,0,1,1,1,1,0,1,0,0,1,1,0,1,1,1,1,1,1,1,0,0,1,1,1,1,1,0,1,0,1,1,1,0,1,1,1,0,0,1,0,1,1,1,1,1,1,1,0,1,1,1,1,0,1,1,0,0,0,0,0,1,1,1,1,1,1,1,1,1,0,0,1,1,1,1,0,1,0,0,1,0,1,1,1,1,0,0,1,1,0,0,1,1,1,1,1
f85,0,1,0,1,1,1,1,1,1,1,1,1,1,1,0,0,1,1,0,1,0,0,1,0,1,1,0,1,1,1,1,1,0,1,0,1,1,1,0,1,1,0,0,1,1,0,0,1,1,0,1,1,1,1,0,1,1,0,0,1,0,1,1,0,1,0,1,0,1,1,1,1,0,0,0,0,1,1,0,1,0,1,1,1,1,1,0,0,1,0,1,1,1,1,1,1,1,1,0,1
f86,1,1,1,1,1,1,1,1,1,1,0,0,0,1,1,1,0,1,1,1,1,1,0,1,0,1,1,1,0,1,1,1,1,1,0,1,1,0,0,0,0,0,1,1,1,1,1,1,1,1,1,1,1,1,0,0,0,1,0,1,1,0,0,0,1,1,1,0,0,1,1,1,1,1,1,1,1,0,0,1,0,1,0,1,1,1,1,0,1,1,1,1,0,0,1,1,1,1,1,1
f87,1,0,1,0,1,1,1,1,1,1,1,1,1,1,0,0,1,1,1,1,1,1,1,1,1,1,0,1,1,0,1,1,1,1,0,0,1,1,1,1,1,0,1,1,1,0,1,0,0,1,0,1,0,0,1,1,1,1,1,1,1,1,0,1,0,1,1,1,1,1,1,1,0,0,1,1,1,1,1,1,0,0,1,1,1,1,1,1,1,1,0,1,1,1,1,1,1,1,0,1
f88,1,1,0,1,0,1,0,1,1,1,0,1,1,1,1,1,1,1,0,1,1,0,0,0,0,0,0,1,1,1,1,1,0,1,1,0,0,0,1,0,1,1,1,1,1,0,1,0,1,1,1,0,1,0,1,0,0,1,1,0,0,1,0,1,1,1,1,1,0,1,1,0,1,0,1,0,0,1,0,1,1,1,1,1,1,0,1,0,1,0,1,1,1,1,1,1,1,0,1,0
f89,0,0,1,1,1,0,1,1,0,1,1,1,1,1,0,1,0,1,1,1,0,1,0,1,1,1,1,1,1,1,1,1,0,1,0,0,1,1,1,0,0,1,1,1,1,1,0,1,0,1,1,0,0,1,0,0,1,0,1,1,1,0,1,1,0,1,1,1,1,0,0,1,0,1,0,0,0,1,1,1,1,1,1,0,1,1,1,1,0,0,1,0,1,1,0,1,1,1,1,0
f90,0,0,1,1,1,1,0,1,1,1,1,1,0,0,1,1,1,1,1,0,1,1,1,1,0,1,1,1,1,0,1,1,1,0,1,0,1,1,1,1,0,1,1,0,1,1,1,0,1,0,0,0,1,0,1,1,1,0,0,1,1,0,1,1,1,0,0,1,1,1,1,0,1,1,0,1,1,1,0,1,0,1,1,1,1,0,1,1,0,1,1,1,1,0,1,1,1,1,1,1
f91,1,1,1,0,1,1,0,1,1,1,1,0,1,0,1,1,0,1,0,1,1,0,1,1,1,1,1,1,0,1,1,1,0,0,1,1,1,1,1,1,0,1,1,1,1,1,0,0,1,1,0,0,1,1,1,1,1,1,0,1,0,1,1,1,1,0,0,1,1,1,0,1,1,0,0,1,1,0,0,1,1,1,0,1,1,0,0,1,1,1,1,1,1,1,0,0,1,1,1,1
f92,1,0,0,0,0,1,1,1,1,0,0,1,1,1,1,1,1,0,1,1,0,1,1,1,1,1,1,1,1,0,1,0,1,0,0,1,1,0,1,0,0,0,1,1,1,1,1,1,1,1,1,0,1,0,0,0,0,1,0,1,0,1,1,1,1,1,1,0,1,1,0,0,0,0,0,0,0,1,1,0,0,1,1,0,1,1,1,0,1,1,0,1,0,1,1,1,1,1,1,1
f93,0,1,0,1,1,1,1,1,1,1,0,1,1,0,1,0,1,1,0,1,1,0,0,1,1,0,0,1,1,0,1,0,0,1,1,0,1,1,1,1,0,0,0,0,1,0,1,0,1,1,1,1,1,0,1,0,1,1,0,0,0,1,1,1,1,0,1,1,1,1,1,1,1,1,1,1,1,0,1,1,1,1,1,1,1,1,1,1,1,1,1,0,0,0,1,0,1,0,0,1
f94,1,1,0,1,1,0,1,1,1,1,0,1,1,0,0,1,1,0,0,1,0,1,0,1,0,1,0,1,0,1,0,1,1,0,1,1,1,1,0,1,0,1,1,1,1,0,1,1,1,1,1,1,0,1,1,0,1,1,1,0,1,1,1,0,1,1,0,1,1,1,0,0,0,0,1,0,0,1,1,1,1,0,0,0,0,1,1,0,0,0,0,1,1,0,1,1,1,1,1,1
f95,0,1,0,1,1,1,0,1,1,1,0,1,1,0,0,1,1,1,1,0,1,0,0,1,1,1,1,0,1,1,1,1,1,1,1,1,1,1,0,1,1,0,1,0,1,1,0,1,1,1,1,1,1,1,1,0,1,0,1,1,1,1,1,0,1,1,1,0,1,1,1,1,1,1,0,0,1,1,1,0,0,0,1,1,0,1,0,1,0,1,1,1,0,1,1,1,1,1,1,1
f96,1,0,1,1,1,1,1,1,1,1,1,1,1,1,1,1,1,1,1,1,1,1,0,1,0,1,1,1,1,1,1,1,0,1,1,0,0,1,1,1,0,0,1,1,1,1,1,1,0,1,0,0,1,1,1,0,1,1,1,0,0,1,1,1,1,0,1,0,1,1,0,1,0,0,1,1,1,1,1,1,1,0,1,0,0,0,1,1,1,0,0,0,1,1,1,1,1,0,1,1
f97,1,0,0,1,1,1,1,1,1,1,1,1,0,1,1,0,1,1,1,1,0,1,0,1,1,1,1,1,1,1,1,0,1,0,1,1,1,1,1,1,1,1,1,0,1,1,1,1,1,0,1,1,1,1,0,1,0,1,1,1,1,1,0,0,1,1,1,1,1,0,1,1,1,1,1,1,0,1,1,1,1,1,1,0,1,0,1,1,1,1,1,0,1,0,1,1,1,1,0,1
f98,1,1,0,1,1,0,1,1,1,1,1,1,0,0,1,1,1,1,0,1,1,1,1,1,1,1,1,1,0,0,1,1,1,1,1,1,1,0,1,1,0,1,0,1,1,1,0,1,1,0,1,1,0,0,1,0,1,0,1,0,1,1,1,1,0,0,0,1,1,1,1,1,0,1,1,1,1,0,1,0,0,1,1,0,1,1,0,1,1,1,0,1,1,1,1,1,1,1,1,1
f99,0,1,0,0,1,1,0,1,1,1,0,0,1,1,1,1,1,1,0,1,1,0,0,1,1,1,1,0,1,0,0,1,0,0,1,1,0,1,1,1,0,0,1,0,1,0,1,1,1,1,1,0,1,0,1,1,1,1,1,1,1,0,1,1,0,1,0,1,1,1,0,1,0,0,0,1,0,1,1,1,1,1,1,0,1,1,1,1,1,1,1,1,1,1,0,0,0,1,1,0
f100,1,1,1,1,1,0,0,1,0,1,0,1,0,1,1,0,1,1,0,0,1,1,0,1,0,1,1,1,1,1,1,1,1,1,0,1,1,0,0,1,1,0,0,1,0,1,1,1,0,1,1,1,1,1,1,1,1,1,1,0,1,1,1,0,1,1,1,0,1,1,1,1,1,0,0,1,1,0,0,1,0,1,1,1,1,1,0,1,1,1,1,1,0,1,0,1,0,0,1,1
